RA_CODE_2016,P_PGrad_Deg_35_44,P_PGrad_Deg_45_54,P_PGrad_Deg_55_64,P_PGrad_Deg_65_74,P_PGrad_Deg_75_84,P_PGrad_Deg_85ov,P_PGrad_Deg_Total,P_GradDip_and_GradCert_15_24,P_GradDip_and_GradCert_25_34,P_GradDip_and_GradCert_35_44,P_GradDip_and_GradCert_45_54,P_GradDip_and_GradCert_55_64,P_GradDip_and_GradCert_65_74,P_GradDip_and_GradCert_75_84,P_GradDip_and_GradCert_85ov,P_GradDip_and_GradCert_Total,P_BachDeg_15_24,P_BachDeg_25_34,P_BachDeg_35_44,P_BachDeg_45_54,P_BachDeg_55_64,P_BachDeg_65_74,P_BachDeg_75_84,P_BachDeg_85ov,P_BachDeg_Total,P_AdvDip_and_Dip_15_24,P_AdvDip_and_Dip_25_34,P_AdvDip_and_Dip_35_44,P_AdvDip_and_Dip_45_54,P_AdvDip_and_Dip_55_64,P_AdvDip_and_Dip_65_74,P_AdvDip_and_Dip_75_84,P_AdvDip_and_Dip_85ov,P_AdvDip_and_Dip_Total,P_Cert_III_IV_15_24,P_Cert_III_IV_25_34,P_Cert_III_IV_35_44,P_Cert_III_IV_45_54,P_Cert_III_IV_55_64,P_Cert_III_IV_65_74,P_Cert_III_IV_75_84,P_Cert_III_IV_85ov,P_Cert_III_IV_Total,P_Cert_I_II_15_24,P_Cert_I_II_25_34,P_Cert_I_II_35_44,P_Cert_I_II_45_54,P_Cert_I_II_55_64,P_Cert_I_II_65_74,P_Cert_I_II_75_84,P_Cert_I_II_85ov,P_Cert_I_II_Total,P_Cert_Levl_nfd_15_24,P_Cert_Levl_nfd_25_34,P_Cert_Levl_nfd_35_44,P_Cert_Levl_nfd_45_54,P_Cert_Levl_nfd_55_64,P_Cert_Levl_nfd_65_74,P_Cert_Levl_nfd_75_84,P_Cert_Levl_nfd_85ov,P_Cert_Levl_nfd_Total,P_Cert_Lev_Tot_15_24,P_Cert_Lev_Tot_25_34,P_Cert_Lev_Tot_35_44,P_Cert_Lev_Tot_45_54,P_Cert_Lev_Tot_55_64,P_Cert_Lev_Tot_65_74,P_Cert_Lev_Tot_75_84,P_Cert_Lev_Tot_85ov,P_Cert_Lev_Tot_Total,P_Lev_Edu_IDes_15_24,P_Lev_Edu_IDes_25_34,P_Lev_Edu_IDes_35_44,P_Lev_Edu_IDes_45_54,P_Lev_Edu_IDes_55_64,P_Lev_Edu_IDes_65_74,P_Lev_Edu_IDes_75_84,P_Lev_Edu_IDes_85ov,P_Lev_Edu_IDes_Total,P_Lev_Edu_NS_15_24,P_Lev_Edu_NS_25_34,P_Lev_Edu_NS_35_44,P_Lev_Edu_NS_45_54,P_Lev_Edu_NS_55_64,P_Lev_Edu_NS_65_74,P_Lev_Edu_NS_75_84,P_Lev_Edu_NS_85ov,P_Lev_Edu_NS_Total,P_Tot_15_24,P_Tot_25_34,P_Tot_35_44,P_Tot_45_54,P_Tot_55_64,P_Tot_65_74,P_Tot_75_84,P_Tot_85ov,P_Tot_Total
RA10,88348,56724,38045,19601,5716,1356,310045,1718,15883,19613,17065,15751,7710,2035,450,80230,70678,255905,198529,133223,94087,50304,18590,5746,827067,30624,88676,92928,86473,63499,36620,15076,5370,419271,57781,122325,114675,115382,89294,56541,27943,9619,593559,7935,8029,8430,8012,6337,3479,1027,375,43621,6255,11162,15681,20020,19761,15037,6248,2600,96758,71966,141514,138788,143417,115390,75051,35217,12595,733942,3132,7722,7726,8105,8297,6801,3531,1526,46841,51783,69325,55140,51581,48566,45885,37867,27548,387685,235449,673736,601074,496592,383635,241972,118028,54594,2805077
RA11,5874,6182,6405,4297,1249,256,28662,242,2274,3396,3975,5182,2718,638,115,18553,4881,23214,25962,21591,21782,13996,5014,1404,117846,3836,12949,17496,20674,20864,14082,5553,1568,97024,21960,42122,41134,45598,40667,26529,11873,3284,233168,3653,3191,2758,2979,2645,1612,419,93,17343,1862,2744,3760,5596,6689,5701,2290,721,29371,27479,48056,47654,54171,49999,33836,14586,4104,279891,446,811,916,1291,1889,2111,1040,439,8942,17385,14650,15139,18184,20752,22294,17632,10144,136183,54473,106150,116448,126065,126860,93345,45720,18033,687094
RA12,949,1100,1252,860,222,41,5128,54,488,734,909,1236,648,130,23,4225,1058,5490,6204,5386,5590,3583,1094,333,28735,773,2941,4116,5433,5907,3683,1333,342,24528,5925,11210,11294,13352,13076,8019,3036,744,66654,1013,867,891,1030,950,485,126,26,5384,518,835,1102,1676,1940,1444,504,132,8159,7458,12914,13287,16057,15966,9952,3662,903,80199,120,231,215,343,578,535,267,82,2374,6272,4962,5307,7264,8617,8649,6364,3094,50529,15783,27689,30814,36489,39141,27900,13068,4823,195713
RA13,57,49,37,20,4,3,240,7,42,32,51,39,16,0,0,187,91,573,413,271,214,105,30,9,1704,53,268,271,335,267,118,43,10,1362,385,771,690,660,612,315,121,25,3581,62,73,62,67,50,19,3,3,336,44,46,77,90,76,45,18,3,398,487,893,828,821,736,380,135,29,4314,11,13,17,19,21,16,4,3,110,532,534,522,628,653,563,378,124,3926,1179,2407,2129,2184,1969,1208,604,176,11850
RA14,10,15,13,5,0,0,44,0,7,4,4,4,6,0,0,29,6,74,56,37,41,17,4,0,245,7,47,51,63,52,29,14,0,265,68,120,110,119,128,55,13,3,615,18,25,25,18,13,7,0,0,100,8,9,13,29,19,16,3,0,89,100,159,152,162,156,71,12,3,805,0,7,5,6,0,5,0,0,26,146,194,138,180,156,107,59,9,984,258,486,421,469,418,240,88,18,2405
RA15,0,0,3,0,0,0,5,0,0,0,0,0,0,0,0,4,0,6,5,3,7,3,0,3,35,0,8,0,3,6,13,3,0,31,4,4,9,11,8,20,3,3,61,0,0,0,0,0,3,0,0,3,3,0,0,3,4,0,0,0,8,5,4,7,11,11,23,3,3,74,0,0,0,0,0,0,0,0,3,7,7,6,6,13,21,14,0,69,8,30,15,24,43,60,25,3,212
RA19,85,39,31,20,12,0,365,3,31,23,23,26,11,0,0,120,199,494,197,146,110,88,16,4,1247,75,146,99,99,128,100,14,3,663,154,314,226,252,265,169,18,3,1416,42,23,22,12,15,11,0,0,126,33,33,29,26,49,23,4,0,195,232,363,277,290,333,205,23,7,1738,11,21,14,13,10,15,5,0,83,448,798,701,670,495,283,90,29,3513,989,2023,1392,1284,1142,722,150,41,7741
RA20,66481,40519,26325,13702,3880,927,236531,2096,20565,23926,21577,17417,7870,1959,414,95825,63510,221351,167387,107035,71483,37811,14022,4553,687152,29752,82748,76454,67232,48920,30117,12524,4417,352172,50582,105043,91111,94671,68872,40617,20619,6806,478310,6399,6149,5797,5219,3754,2038,560,167,30089,4762,9061,10891,12347,10643,7513,3303,1505,60020,61747,120256,107800,112231,83259,50172,24485,8472,568426,2426,5921,5298,4719,4417,3924,2246,1015,29961,43782,56703,44427,41773,38683,37501,30783,19823,313471,208628,586922,491767,395090,290506,181098,89896,39625,2283532
RA21,4562,4507,4392,2792,716,120,20779,276,2910,4315,4633,4823,2550,531,70,20102,4778,20336,21907,16576,16133,10170,3247,907,94058,3832,11926,14439,16409,15760,11166,4062,1201,78794,17699,34378,32032,35333,29772,18136,7412,2083,176850,2354,2204,1988,1839,1620,856,184,70,11102,1257,2207,2739,3081,3324,2613,900,343,16457,21307,38794,36760,40252,34715,21607,8493,2493,204414,275,641,691,846,1039,1193,638,284,5603,12975,10646,11708,14458,16589,17457,12943,6877,103651,43811,88577,94375,97681,93453,66932,30629,11953,527404
RA22,557,443,507,355,85,10,2439,73,453,626,724,810,396,71,23,3160,718,3541,3445,2712,2975,1850,614,173,16026,672,2111,2706,3149,3417,2348,806,256,15467,3548,6624,6309,7679,7101,4381,1649,442,37747,605,522,454,440,426,224,43,13,2733,282,464,575,705,783,585,198,67,3655,4434,7611,7342,8828,8317,5191,1889,521,44134,80,112,134,175,213,254,140,60,1169,3156,2555,2580,3614,4477,4889,3496,1959,26721,9193,16794,17396,19642,20713,15283,7097,3004,109118
RA23,11,5,16,13,5,4,57,3,6,6,9,12,8,3,0,49,6,31,44,42,59,40,15,0,236,4,20,22,24,45,50,14,3,186,21,45,75,88,115,64,26,8,437,6,3,4,3,11,6,0,0,36,0,4,5,7,16,17,4,0,54,32,46,81,97,142,90,28,8,526,0,0,3,7,0,11,3,0,20,24,24,32,43,55,72,58,20,321,70,130,193,229,327,274,124,44,1390
RA25,0,0,0,0,0,0,0,0,0,0,0,0,0,0,0,0,0,0,0,3,0,0,0,0,3,0,0,0,0,0,0,0,0,3,0,0,3,6,3,0,0,0,12,0,0,0,0,0,0,0,0,0,0,0,0,0,0,0,0,0,0,0,0,3,6,3,0,0,0,12,0,0,0,0,0,0,0,0,0,0,0,0,0,3,0,0,0,3,0,4,3,5,10,0,0,0,25
RA29,63,20,20,14,0,0,238,0,36,18,19,14,3,0,0,91,121,360,126,75,68,33,4,3,792,61,119,74,59,51,22,9,0,404,107,219,155,124,108,52,11,0,777,18,14,12,5,3,3,0,0,60,7,24,18,14,16,9,5,0,101,138,255,188,152,125,61,12,0,932,3,8,10,0,3,8,0,0,42,309,513,497,343,235,114,29,13,2076,650,1413,971,670,526,263,61,19,4580
RA30,30117,22668,15408,8011,2289,498,108995,1300,9650,11971,11485,8711,4048,1086,183,48446,31687,105787,91214,62217,41370,24055,8232,2339,366908,19893,44740,49334,48018,35012,20703,7824,2267,227798,49405,86454,78623,75634,58461,36369,15824,4603,405369,9033,5242,4153,3383,2688,1577,433,120,26633,4441,6741,8321,8543,8137,6166,2509,866,45719,62878,98434,91097,87554,69292,44107,18758,5594,477714,1465,2948,2984,3091,3059,2918,1702,644,18811,30047,34668,29642,29332,26671,25405,20253,14354,210371,148897,324608,306359,264359,199526,129251,60149,25885,1459037
RA31,3157,3218,2833,1750,443,68,13677,232,1382,2097,2626,2465,1199,314,35,10346,3663,14723,15651,12673,10784,6536,2247,506,66770,2454,7824,11035,13323,11794,7223,2525,593,56772,16630,29777,28771,29981,26414,16676,6325,1377,155941,3788,2285,1669,1493,1134,651,138,18,11177,1363,1890,2492,2904,2846,2183,867,219,14760,21781,33949,32929,34378,30390,19508,7331,1617,181878,323,540,593,771,843,913,511,152,4643,11112,10179,10859,12570,13041,13301,9671,5126,85871,39700,70678,76319,79553,72152,50425,23038,8092,419955
RA32,2590,2417,1858,982,243,46,10219,210,1330,1624,1662,1337,580,138,19,6896,3293,13906,12204,9168,6927,3713,1176,247,50635,1877,6809,8689,9347,7408,3931,1248,296,39612,11424,22894,21286,20795,17478,9557,3341,686,107460,2382,1584,1200,1015,742,346,68,21,7363,860,1452,1799,1972,1761,1107,387,87,9432,14664,25935,24284,23786,19976,11014,3798,797,124255,215,466,510,583,558,543,258,73,3211,10329,10671,10016,11005,10408,8739,5466,2243,68867,30699,61095,59916,57975,48468,29496,12322,3711,303687
RA33,176,123,103,54,9,3,676,18,153,133,110,89,27,11,0,544,389,1514,987,618,478,241,55,12,4297,193,680,728,797,575,290,80,13,3348,1155,2703,2245,2114,1660,772,243,38,10937,256,207,144,116,75,39,13,3,843,85,163,180,193,173,93,26,0,914,1487,3074,2573,2419,1902,906,282,42,12694,13,54,50,48,53,37,15,3,285,1409,1775,1351,1508,1371,1009,476,133,9042,3522,7451,5999,5630,4582,2565,934,203,30881
RA34,113,95,84,22,4,0,413,3,95,102,85,86,18,3,0,393,225,894,615,406,357,131,41,7,2668,145,429,460,583,486,153,39,7,2299,954,1762,1381,1218,970,382,106,14,6792,258,218,162,132,79,31,3,0,888,99,102,118,131,126,44,11,4,635,1307,2089,1664,1488,1177,459,120,23,8320,27,26,25,33,34,16,9,3,175,1175,1085,847,864,801,616,312,115,5812,2881,4705,3824,3559,3018,1407,527,158,20081
RA35,0,0,0,0,0,0,3,0,0,0,0,0,0,0,0,0,0,3,0,0,3,0,0,0,5,0,3,0,0,3,3,0,0,12,4,3,3,6,0,0,4,0,18,0,0,0,0,3,0,0,0,3,0,0,0,0,0,0,0,0,0,3,3,8,6,3,0,4,0,26,0,0,0,0,0,0,0,0,3,4,0,0,0,4,9,0,3,23,10,11,12,8,15,15,6,3,71
RA39,41,38,38,25,3,0,266,7,23,12,19,36,19,0,0,118,200,451,125,104,130,115,21,3,1147,88,128,95,109,218,128,18,0,779,151,340,256,316,418,356,61,8,1898,27,17,16,13,24,16,0,0,113,19,42,19,24,60,37,4,0,202,197,398,300,349,497,411,64,9,2221,16,24,9,18,19,20,7,0,113,331,585,474,448,481,334,102,17,2765,839,1709,1058,1085,1426,1050,215,24,7409
RA40,12316,8494,6439,3816,1242,293,45982,389,3504,4665,4560,4416,2364,547,110,20563,11916,43391,35763,24014,19183,11679,4014,1508,151483,4479,15531,17515,19135,16448,10298,3745,1417,88573,16865,33768,28547,30599,24700,15799,8060,2719,161061,3493,3279,2415,1889,1404,729,218,66,13499,1432,2516,3350,3721,3624,2846,1247,536,19277,21794,39573,34311,36210,29730,19374,9525,3325,193837,596,1317,1281,1357,1333,1356,811,395,8440,9766,10785,9568,10359,10304,10484,9182,6495,76943,49590,126832,115425,104128,87856,59372,29064,13550,585821
RA41,684,712,748,513,131,21,3271,30,266,455,610,794,393,89,11,2644,751,3064,3578,2933,2908,2128,649,176,16184,465,1650,2537,3371,3242,2416,743,216,14633,3294,6389,6279,6945,5959,3919,1589,446,34820,719,673,535,438,344,221,38,19,2985,302,479,704,804,812,713,273,70,4158,4309,7539,7517,8185,7117,4855,1904,537,41963,53,137,173,183,241,255,140,67,1250,2172,1634,1870,2339,2766,2864,2058,1158,16870,7819,14717,16814,18328,17817,13417,5711,2197,96818
RA42,250,225,229,136,36,5,1179,33,197,249,321,373,161,40,3,1377,486,2272,2090,1529,1462,865,260,75,9052,270,1074,1524,2043,2190,1262,366,102,8819,2576,4888,4577,5341,4770,3028,1231,310,26732,547,588,466,350,260,136,43,9,2402,251,378,521,592,540,408,122,28,2837,3376,5856,5571,6286,5569,3578,1387,351,31972,39,77,118,136,162,166,76,34,815,1975,1857,1900,2459,2578,2774,2033,1183,16768,6216,11589,11702,13010,12565,8942,4199,1751,69976
RA43,80,65,75,58,12,0,402,9,69,76,96,107,68,7,3,430,127,761,629,426,426,243,87,19,2726,77,329,409,552,565,311,81,25,2344,606,1474,1367,1366,1167,661,247,67,6947,91,144,117,78,82,36,11,8,554,48,98,153,147,165,79,31,12,732,737,1713,1639,1586,1411,778,290,83,8240,15,45,39,41,39,35,23,8,243,501,537,538,643,710,631,423,260,4238,1470,3547,3403,3424,3330,2123,924,400,18622
RA44,29,16,21,3,0,0,107,3,16,19,23,19,5,0,0,92,54,224,161,106,120,53,10,0,721,31,110,112,127,127,60,7,3,582,142,337,342,331,309,149,51,14,1676,30,49,42,15,21,6,0,0,164,18,27,30,31,42,17,5,0,168,182,414,419,386,368,168,55,11,2010,5,11,11,8,8,13,8,0,59,310,336,299,366,323,217,112,64,2025,581,1149,1050,1030,991,517,194,84,5595
RA45,0,0,0,0,0,0,0,0,0,0,0,0,0,0,0,0,0,0,0,0,0,0,0,0,0,0,0,0,0,0,0,0,0,0,0,0,0,0,0,0,0,0,0,0,0,0,0,0,0,0,0,0,0,0,0,0,0,0,0,0,0,0,0,0,0,0,0,0,0,0,0,0,0,0,0,0,0,0,0,0,0,0,0,0,0,0,0,0,0,0,0,0,0,0,0,0,3
RA49,14,7,15,4,0,0,59,0,8,3,6,7,0,0,0,24,31,92,38,20,19,16,0,0,219,14,27,22,40,16,23,3,0,145,34,97,50,70,79,57,11,5,402,11,6,4,4,0,0,0,0,25,3,9,3,12,15,3,0,0,47,50,115,57,88,91,66,11,5,482,6,9,0,3,3,5,0,0,27,84,122,129,152,93,54,15,6,651,185,393,264,317,247,159,30,10,1595
RA50,20101,14168,9277,4885,1466,323,70185,792,7006,8151,7744,5803,2409,621,139,32668,20659,78071,62420,42880,28610,15800,5776,1606,255822,10086,29879,30525,29598,23357,14244,5774,1650,145116,28188,57725,47638,47486,36329,21746,10162,2692,251966,5671,3858,2908,2388,1775,988,301,112,17998,2258,4466,5797,6256,5479,4054,1796,615,30716,36115,66048,56342,56126,43580,26784,12265,3411,300679,981,2529,2376,2340,2171,1988,1030,412,13824,18209,25812,20554,19456,17759,16349,14082,9470,141688,87786,228346,200480,172322,130564,82459,41019,17012,959984
RA51,595,574,506,374,87,12,2526,38,343,592,589,514,236,57,5,2379,569,3227,4073,3177,2678,1594,584,121,16022,541,1938,2583,3112,2931,1853,651,162,13765,3660,7020,7394,7462,5924,3482,1257,297,36491,935,553,467,390,315,136,39,10,2847,291,469,712,823,795,577,182,49,3907,4881,8036,8575,8677,7039,4198,1484,358,43239,57,161,196,196,211,225,136,34,1206,3024,3364,3513,3515,3326,3110,2083,981,22914,9127,17439,20120,19828,17192,11589,5088,1674,102060
RA52,524,440,415,239,68,13,2094,37,327,459,448,461,202,38,5,1985,513,2816,2938,2388,1896,1124,413,91,12171,468,1494,1967,2315,2356,1394,491,124,10610,3048,5821,5193,5676,4745,2559,946,207,28190,836,499,368,328,256,147,44,0,2473,253,353,589,585,637,464,161,42,3096,4136,6668,6145,6588,5637,3169,1156,254,33758,66,119,136,146,182,177,102,36,973,2417,2621,2578,2994,3116,2681,1900,862,19163,7646,14433,14746,15314,14066,8988,4169,1386,80747
RA53,298,185,139,48,9,0,960,19,252,277,191,137,30,6,0,915,314,2122,1743,1049,606,260,69,21,6182,177,1111,1192,1036,779,307,102,16,4725,1246,3612,3035,2464,1783,640,186,40,13006,328,298,218,157,91,32,10,3,1121,112,257,320,260,221,95,32,13,1312,1676,4168,3574,2880,2096,769,228,52,15443,26,66,69,76,60,40,12,4,357,1412,2228,1883,1869,1481,909,481,209,10470,3630,10231,9041,7281,5293,2349,916,304,39043
RA54,212,150,91,41,4,0,764,23,148,147,118,116,21,0,0,581,234,1577,1098,688,474,159,26,8,4267,126,726,769,706,512,178,35,7,3057,891,3528,2723,2331,1428,438,94,12,11446,236,289,175,123,78,21,0,0,919,80,211,201,186,160,57,15,3,912,1203,4026,3094,2636,1668,512,108,17,13277,14,62,48,52,47,27,6,0,257,1571,3081,2429,2134,1458,683,227,69,11640,3179,9878,7798,6486,4374,1620,407,103,33846
RA55,4,0,0,0,0,0,9,0,0,0,0,0,0,0,0,0,3,10,8,5,0,0,3,0,31,0,13,20,17,9,0,0,0,55,0,41,39,32,11,0,0,0,134,0,3,3,0,0,0,0,0,5,0,4,3,3,0,0,0,0,13,6,49,46,34,10,0,0,0,145,0,0,0,0,0,0,0,0,0,7,29,20,24,9,0,0,0,87,11,106,100,83,31,4,3,0,338
RA59,24,17,15,12,0,0,117,0,15,5,6,16,6,3,0,48,58,227,89,47,63,35,10,0,522,20,73,35,51,77,42,3,0,308,78,227,166,169,202,103,17,3,969,20,16,13,9,12,5,0,0,65,7,29,11,15,29,19,0,0,114,108,273,191,197,236,123,14,3,1147,10,9,5,3,5,7,4,0,43,177,385,315,357,222,142,26,5,1633,374,1033,673,680,633,368,58,13,3820
RA61,2535,2311,1921,1212,351,100,11017,119,993,1196,1415,1250,652,171,39,5835,2206,8481,8005,6372,5877,3476,1189,469,36080,842,2914,3966,4648,4301,3021,1400,444,21551,4978,10100,8662,8963,7747,4526,2183,661,47835,1253,1058,694,560,416,245,73,31,4329,473,707,880,1023,1130,776,400,173,5566,6704,11872,10236,10550,9291,5550,2659,865,57729,123,257,233,293,333,391,279,106,2019,3461,3174,2972,3499,3958,4211,3350,1807,26436,13585,30144,29147,29092,26942,18526,9395,3831,160665
RA62,363,459,595,436,106,14,2228,20,159,261,390,431,270,49,7,1603,304,1657,1950,1939,2263,1466,437,106,10129,209,900,1509,2115,2224,1619,561,122,9247,2290,4224,4296,5014,4792,2712,1071,218,24614,596,499,347,322,261,119,30,16,2189,195,324,458,567,647,454,170,40,2845,3075,5045,5103,5897,5703,3282,1276,280,29644,25,63,82,119,155,186,118,30,773,1749,1206,1454,2127,2564,2797,1847,654,14403,5404,9268,10725,13045,13930,10064,4382,1213,68034
RA63,11,20,16,18,3,3,84,0,0,12,5,19,11,0,0,46,24,99,72,71,91,69,21,7,446,6,64,55,90,115,88,29,9,451,82,194,183,260,280,165,68,11,1246,22,23,10,20,18,8,0,0,103,17,16,21,36,33,23,16,0,152,123,230,224,315,335,195,84,11,1507,0,3,5,11,6,5,0,0,39,80,90,83,135,158,192,101,50,887,226,496,471,642,742,585,233,70,3468
RA64,3,5,9,12,0,0,49,0,9,4,4,9,3,0,0,35,10,40,37,21,45,32,9,3,198,12,14,22,29,56,25,16,0,172,28,76,55,79,108,62,24,5,435,3,3,7,7,4,0,0,0,27,8,3,8,11,8,8,7,0,45,35,89,70,90,120,67,27,5,508,0,3,3,3,7,6,4,0,19,33,28,20,35,51,41,31,11,262,90,189,164,194,299,195,91,27,1240
RA65,0,0,0,0,0,0,0,0,0,0,0,0,0,0,0,0,3,0,0,0,0,0,0,0,6,0,3,0,0,0,4,0,0,10,4,11,3,3,7,0,0,0,21,0,0,0,0,0,0,0,0,0,0,0,0,0,0,0,0,0,0,4,6,3,0,7,0,0,0,22,0,0,0,0,0,0,0,0,0,0,4,0,0,3,0,0,0,9,6,19,6,5,5,7,0,0,44
RA69,5,7,5,3,0,0,31,0,4,3,0,0,0,0,0,6,3,31,16,5,15,8,0,0,77,0,11,13,12,9,7,0,0,59,21,22,17,17,22,9,3,0,120,5,3,3,0,0,0,0,0,16,0,4,0,4,4,3,0,0,13,29,33,23,25,25,13,3,0,152,0,0,0,0,3,0,0,0,4,33,46,36,35,18,15,3,0,190,67,127,93,80,78,50,10,0,517
RA72,1294,925,719,302,49,3,4646,42,581,654,549,434,134,27,0,2430,890,5442,3850,2418,1635,741,180,42,15194,450,2107,2264,2167,1419,572,155,16,9149,2314,6151,4584,3972,2526,1087,309,52,21000,459,362,257,180,112,41,10,3,1432,197,394,408,389,301,175,46,13,1921,2965,6906,5251,4544,2938,1309,367,72,24352,62,165,166,123,110,61,33,7,729,2529,4122,3100,2700,2118,1206,475,166,16415,6996,20607,16577,13429,9373,4338,1290,317,72912
RA73,295,270,222,89,21,0,1201,10,175,174,203,137,43,9,0,743,162,1237,979,728,570,203,55,10,3952,74,550,555,633,483,166,53,7,2520,548,1306,1054,1148,853,356,85,23,5369,142,145,92,102,41,13,3,3,541,53,128,126,123,109,52,14,4,608,743,1579,1270,1367,1009,418,101,25,6514,16,49,41,53,33,17,11,3,226,1233,1597,1163,1298,1026,570,203,73,7163,2249,5474,4488,4551,3482,1511,448,118,22326
RA74,102,76,74,23,3,0,403,9,63,86,65,71,14,0,0,306,82,515,356,270,263,64,7,0,1552,59,222,229,271,200,56,15,0,1057,333,737,601,613,444,135,26,0,2891,144,223,160,138,78,21,0,0,767,63,148,141,110,56,26,7,0,552,545,1108,907,863,585,177,29,0,4208,10,38,11,22,15,8,3,4,109,1975,1703,1295,1000,622,282,86,10,6967,2684,3777,2995,2563,1825,614,140,13,14613
RA75,0,0,0,0,0,0,3,0,0,0,0,0,0,0,0,0,0,5,8,4,0,0,0,0,17,3,6,0,0,0,0,0,0,8,0,7,4,3,0,0,0,0,17,0,0,0,0,0,0,0,0,0,0,0,3,0,0,0,0,0,4,0,10,8,3,0,0,0,0,17,0,0,0,0,0,0,0,0,3,0,3,3,3,3,0,0,0,15,3,27,21,7,3,0,3,0,60
RA79,11,9,4,6,0,0,52,0,13,4,6,6,3,0,0,34,18,58,39,19,28,17,0,0,184,13,19,26,30,23,17,0,0,121,20,52,45,51,76,53,9,0,322,9,3,3,4,5,3,0,0,29,14,11,6,3,9,3,0,0,45,49,65,55,59,90,58,6,0,392,3,3,0,9,8,3,0,0,24,82,196,161,193,114,73,14,0,831,162,376,295,324,284,173,22,0,1635
RA80,9739,7121,5049,2831,914,234,34743,239,2809,3005,2962,2623,1446,280,39,13391,6208,21166,16042,11210,8646,5487,2121,651,71538,1751,6049,6543,6144,4629,2949,1195,394,29657,4204,8618,7081,6186,4510,2700,1338,427,35065,871,641,493,381,295,186,79,36,2981,371,548,855,1032,1106,949,379,153,5396,5443,9810,8427,7597,5908,3834,1797,620,43441,183,408,379,406,406,424,232,105,2539,3457,4568,3557,3148,2823,2532,2038,1507,23631,17669,53277,47690,38587,30075,19509,8580,3556,218939
RA81,11,8,8,3,0,0,36,0,0,6,0,4,0,0,0,10,0,16,27,10,3,3,0,0,67,0,11,20,19,7,0,0,0,69,15,33,20,19,17,7,0,0,110,0,0,0,0,0,0,0,0,0,0,0,0,0,0,0,0,0,6,15,37,28,21,17,7,0,0,118,0,0,0,0,0,0,0,0,3,14,10,10,12,5,0,0,0,61,26,89,102,77,49,21,4,3,368
RA85,0,0,0,0,0,0,0,0,0,0,0,0,0,0,0,0,0,0,0,0,0,0,0,0,0,0,0,0,0,0,0,0,0,0,0,0,0,0,0,0,0,0,0,0,0,0,0,0,0,0,0,0,0,0,0,0,0,0,0,0,0,0,0,0,0,0,0,0,0,0,0,0,0,0,0,0,0,0,0,0,0,0,0,0,0,0,0,0,0,0,0,0,0,0,0,0,0
RA89,4,4,7,6,0,0,40,0,0,3,0,4,0,0,0,10,14,35,8,7,7,3,0,0,81,3,3,10,4,6,0,0,0,30,10,11,12,11,12,3,0,0,50,7,0,0,0,0,0,0,0,10,3,0,0,0,0,0,0,0,5,13,14,12,11,10,3,0,0,62,0,0,0,0,0,0,0,0,3,26,16,31,20,20,7,0,0,112,58,68,75,54,57,17,3,0,339
RA91,3,0,0,0,0,0,15,0,0,0,0,0,0,0,0,4,8,15,5,7,7,3,0,0,41,0,4,8,5,3,0,0,0,26,3,5,4,8,3,0,0,0,33,6,0,0,0,0,0,0,0,8,0,0,0,0,0,0,0,0,3,9,7,11,10,3,3,0,0,41,0,0,0,0,0,0,0,0,0,23,16,12,15,4,8,5,0,88,41,53,44,42,23,12,3,0,218
RA94,17,8,10,7,5,0,64,3,9,13,11,7,6,0,0,49,9,57,77,39,60,29,4,5,274,6,39,66,53,48,22,7,3,246,34,86,111,138,128,55,17,3,566,13,14,11,5,8,3,0,0,49,6,11,19,15,21,16,4,3,94,47,112,134,163,155,78,17,9,717,4,3,3,10,3,0,3,0,27,87,156,119,133,118,80,46,11,742,156,388,430,416,394,226,93,26,2124
RA95,0,0,0,0,0,0,0,0,0,0,0,0,0,0,0,0,0,0,0,0,0,0,0,0,0,0,0,0,0,0,0,0,0,0,0,3,0,0,0,0,0,0,5,0,0,0,0,0,0,0,0,0,0,0,0,0,0,0,0,0,0,0,3,0,0,0,0,0,0,5,0,0,0,0,0,0,0,0,0,0,0,0,0,0,0,0,0,0,0,3,0,0,0,0,0,0,4
RA99,0,0,0,0,0,0,0,0,0,0,0,0,0,0,0,0,3,0,3,0,0,3,0,0,10,0,0,3,3,0,0,0,0,9,0,0,0,0,0,0,0,0,4,0,0,0,0,0,0,0,0,0,0,0,0,0,0,0,0,0,0,0,0,0,0,0,0,0,0,4,0,0,0,0,0,0,0,0,0,7,0,0,0,0,0,0,0,10,6,0,7,5,4,4,0,0,31